id;nom;prenom;date_naissance;role;pseudo;mot_de_passe;peut_emprunter
1;Cambodia Rustic Dynamic;blue;2020-11-20T02:01:47;Berkshire superstructure;innovative;Communications Jewelery;false
2;cross-platform;Persevering Armenian Dram;2020-11-19T22:49:27;Movies Global Soft;value-added;azure dynamic Cambridgeshire;true
3;firewall Isle of Man;National;2020-11-20T04:54:01;Granite Somali Shilling;calculating context-sensitive;strategic PNG Checking Account;true
4;Maryland;French Guiana withdrawal;2020-11-20T01:21:59;Garden;Angola US Dollar;synergies application;false
5;integrate Keyboard Cambridgeshire;PCI Idaho;2020-11-19T13:18:19;PCI azure;Factors Oklahoma Wooden;installation;false
6;Auto Loan Account;Home Loan Account South Dakota;2020-11-19T20:02:47;Tasty;Yemeni Rial tangible;incremental;false
7;FTP;Fantastic Steel Fish sticky productize;2020-11-20T01:29:29;Orchestrator Orchestrator;bypass Credit Card Account Automotive;Agent;false
8;Netherlands Antillian Guilder Tuna Fresh;Adaptive grid-enabled;2020-11-20T05:53:57;Eritrea;GB;Alaska;true
9;Utah Investment Account;SQL efficient;2020-11-20T03:51:24;Cambridgeshire Practical;Books indexing back-end;Ball SCSI;true
10;Cross-platform Chair;scale USB Table;2020-11-19T17:37:16;1080p haptic;bricks-and-clicks Ergonomic;Tennessee Credit Card Account;false
